id_planta,descripcion,estado,fecha_alta,fecha_baja,fecha_ultima_modificacion,id_edificio,cod_dominio,id_usuario
4428,Primer Piso,A,2020-03-29 13:13:42,,2020-03-29 13:13:42,4385,2.16.840.1.113883.2.10.27,1
4431,Primer Piso,A,2020-03-29 13:15:58,,2020-03-29 13:15:58,4386,2.16.840.1.113883.2.10.27,1
4432,Primer Piso,A,2020-03-29 13:16:35,,2020-03-29 13:16:35,4387,2.16.840.1.113883.2.10.27,1
4433,Segundo Piso,A,2020-03-29 13:16:58,,2020-03-29 13:16:58,4387,2.16.840.1.113883.2.10.27,1
4434,Planta Baja,A,2020-03-29 13:17:55,,2020-03-29 13:17:55,4388,2.16.840.1.113883.2.10.27,1
4443,Primer Piso,A,2020-03-29 13:38:52,,2020-03-29 13:38:52,4389,2.16.840.1.113883.2.10.27,1
4437,Subsuelo,A,2020-03-29 13:34:49,,2020-03-29 13:34:49,4390,2.16.840.1.113883.2.10.27,1
4444,Planta Baja,A,2020-03-29 13:40:04,,2020-03-29 13:40:04,4391,2.16.840.1.113883.2.10.27,1
4445,Planta Baja,A,2020-03-29 13:40:53,,2020-03-29 13:40:53,4392,2.16.840.1.113883.2.10.27,1
4446,Primer Piso,A,2020-03-29 13:41:17,,2020-03-29 13:41:17,4393,2.16.840.1.113883.2.10.27,1
4447,Segundo Piso,A,2020-03-29 13:41:53,,2020-03-29 13:41:53,4393,2.16.840.1.113883.2.10.27,1
4448,Planta Baja,A,2020-03-29 13:42:41,,2020-03-29 13:42:41,4394,2.16.840.1.113883.2.10.27,1
4449,Planta Baja,A,2020-03-29 13:43:29,,2020-03-29 13:43:29,4395,2.16.840.1.113883.2.10.27,1
4450,Planta Baja,A,2020-03-29 13:44:11,,2020-03-29 13:44:11,4396,2.16.840.1.113883.2.10.27,1
4451,Primer Piso,A,2020-03-29 13:44:52,,2020-03-29 13:44:52,4396,2.16.840.1.113883.2.10.27,1
4408,Planta Baja,A,2020-03-28 23:48:43,,2020-03-28 23:48:43,4407,2.16.840.1.113883.2.10.27,1
4436,Subsuelo,A,2020-03-29 13:22:41,,2020-04-15 13:42:38,4435,2.16.840.1.113883.2.10.27,1
4453,Planta Baja,A,2020-03-29 15:44:01,,2020-03-29 15:44:01,4452,2.16.840.1.113883.2.10.27,1
4455,Segundo Piso,A,2020-03-29 16:55:24,,2020-03-29 16:55:24,4454,2.16.840.1.113883.2.10.27,1
4463,Cuarto Piso,A,2020-03-29 17:04:09,,2020-03-29 17:04:09,4456,2.16.840.1.113883.2.10.27,1
4465,Segundo Piso,A,2020-03-29 17:05:48,,2020-03-29 17:05:48,4456,2.16.840.1.113883.2.10.27,1
4466,Primer Piso,A,2020-03-29 17:06:30,,2020-03-29 17:06:30,4456,2.16.840.1.113883.2.10.27,1
4467,Tercer Piso,A,2020-03-29 17:07:29,,2020-03-29 17:07:29,4456,2.16.840.1.113883.2.10.27,1
4475,Planta Baja,A,2020-03-29 17:11:46,,2020-03-29 17:11:46,4456,2.16.840.1.113883.2.10.27,1
4464,Planta Baja,A,2020-03-29 17:05:03,,2020-03-29 17:05:03,4457,2.16.840.1.113883.2.10.27,1
4468,Primer Piso,A,2020-03-29 17:07:56,,2020-03-29 17:07:56,4458,2.16.840.1.113883.2.10.27,1
4469,Segundo Piso,A,2020-03-29 17:08:38,,2020-03-29 17:08:38,4458,2.16.840.1.113883.2.10.27,1
4470,Primer Piso,A,2020-03-29 17:09:13,,2020-03-29 17:09:13,4459,2.16.840.1.113883.2.10.27,1
4471,Primer Piso,A,2020-03-29 17:09:41,,2020-03-29 17:09:41,4460,2.16.840.1.113883.2.10.27,1
4472,Segundo Piso,A,2020-03-29 17:10:10,,2020-03-29 17:10:10,4460,2.16.840.1.113883.2.10.27,1
4473,Planta Baja,A,2020-03-29 17:10:41,,2020-03-29 17:10:41,4460,2.16.840.1.113883.2.10.27,1
4474,Primer Piso,A,2020-03-29 17:11:17,,2020-03-29 17:11:17,4461,2.16.840.1.113883.2.10.27,1
4479,Subsuelo,A,2020-04-01 21:41:22,,2020-04-01 21:41:22,4478,2.16.840.1.113883.2.10.27,1
4481,Segundo Piso,A,2020-04-02 09:40:49,,2020-04-02 10:07:19,4480,2.16.840.1.113883.2.10.27,1
4482,Tercer Piso,A,2020-04-02 10:08:14,,2020-04-02 10:08:14,4480,2.16.840.1.113883.2.10.27,1
4484,Planta Baja,A,2020-04-02 11:07:55,,2020-04-02 11:07:55,4483,2.16.840.1.113883.2.10.27,1
4486,Subsuelo,A,2020-04-02 14:43:14,,2020-04-02 14:43:14,4485,2.16.840.1.113883.2.10.27,1
4487,PB,A,2020-04-02 14:44:36,,2020-05-19 14:56:30,4485,2.16.840.1.113883.2.10.27,1
4488,Piso 1,A,2020-04-02 14:45:13,,2020-05-19 14:56:22,4485,2.16.840.1.113883.2.10.27,1
4489,Piso 2,A,2020-04-02 14:45:43,,2020-05-19 14:56:11,4485,2.16.840.1.113883.2.10.27,1
12784,Piso 2,A,2020-05-20 01:02:07,,2020-05-20 01:02:07,4485,2.16.840.1.113883.2.10.27,1
12810,Piso 2,A,2020-05-20 01:17:24,,2020-05-20 01:17:24,4485,2.16.840.1.113883.2.10.27,1
4491,PB,A,2020-04-05 17:16:29,,2020-05-19 14:55:57,4490,2.16.840.1.113883.2.10.27,1
4493,Subsuelo,A,2020-04-05 17:24:36,,2020-04-05 17:24:36,4492,2.16.840.1.113883.2.10.27,1
4495,Planta Baja,A,2020-04-05 17:29:00,,2020-04-05 17:29:00,4494,2.16.840.1.113883.2.10.27,1
4497,Planta Baja,A,2020-04-05 17:32:58,,2020-04-05 17:32:58,4496,2.16.840.1.113883.2.10.27,1
4499,PB,A,2020-04-07 10:18:15,,2020-05-19 14:55:52,4498,2.16.840.1.113883.2.10.27,1
4501,PB,A,2020-04-07 10:20:27,,2020-05-19 14:55:45,4500,2.16.840.1.113883.2.10.27,1
4507,PB,A,2020-04-13 17:29:37,,2020-05-19 14:55:38,4505,2.16.840.1.113883.2.10.27,1
4508,Subsuelo,A,2020-04-13 17:51:52,,2020-04-13 17:51:52,4506,2.16.840.1.113883.2.10.27,1
4509,PB,A,2020-04-13 17:53:54,,2020-05-19 14:54:45,4506,2.16.840.1.113883.2.10.27,1
4510,Piso 1,A,2020-04-13 17:55:52,,2020-05-19 14:54:35,4506,2.16.840.1.113883.2.10.27,1
4511,Piso 2,A,2020-04-13 17:56:06,,2020-05-19 14:53:33,4506,2.16.840.1.113883.2.10.27,1
11747,Planta Baja,A,2020-05-12 13:18:58,,2020-05-12 13:20:17,11746,2.16.840.1.113883.2.10.27,1
11749,Primer Piso,A,2020-05-12 13:20:58,,2020-05-12 13:20:58,11746,2.16.840.1.113883.2.10.27,1
12328,Piso 2,A,2020-05-19 13:40:12,,2020-05-19 13:40:12,12257,2.16.840.1.113883.2.10.27,1
12327,Piso 1,A,2020-05-19 13:32:51,,2020-05-19 13:32:51,12261,2.16.840.1.113883.2.10.27,1
12370,PB,A,2020-05-19 14:29:45,,2020-05-19 14:29:45,12261,2.16.840.1.113883.2.10.27,1
12279,Piso 1,A,2020-05-19 11:38:40,,2020-05-19 11:38:40,12264,2.16.840.1.113883.2.10.27,1
12373,PB,A,2020-05-19 14:38:52,,2020-05-19 14:38:52,12372,2.16.840.1.113883.2.10.27,1
4429,Segundo Piso,A,2020-03-29 13:14:02,,2020-03-29 13:14:02,4385,2.16.840.1.113883.2.10.27,1
22,.,A,2020-09-07 12:17:11,,2020-09-07 12:17:11,4507,2.16.840.1.113883.2.10.27,56
5,.,A,2020-09-20 18:15:20,,2020-09-20 18:15:23,14,2.16.840.1.113883.2.10.27,1
6,.,A,2020-09-20 19:39:47,,2020-09-20 19:39:50,15,2.16.840.1.113883.2.10.27,1
7,.,A,2020-09-21 15:03:53,,2020-09-21 15:03:56,16,2.16.840.1.113883.2.10.27,1
8,.,A,2020-09-21 15:26:09,,2020-09-21 15:26:12,17,2.16.840.1.113883.2.10.27,1
9,.,A,2020-09-28 16:28:23,,2020-09-28 16:28:26,18,2.16.840.1.113883.2.10.27,1
10,.,A,2020-09-28 16:31:59,,2020-09-28 16:32:03,19,2.16.840.1.113883.2.10.27,1
11,.,A,2020-09-28 16:32:34,,2020-09-28 16:32:38,20,2.16.840.1.113883.2.10.27,1
12,.,A,2020-09-29 16:22:02,,2020-09-29 16:22:06,21,2.16.840.1.113883.2.10.27,1
13,.,A,2020-10-05 19:28:15,,2020-10-05 19:28:19,22,2.16.840.1.113883.2.10.27,1
14,.,A,2020-10-05 19:28:48,,2020-10-05 19:28:53,23,2.16.840.1.113883.2.10.27,1
15,.,A,2020-10-07 15:48:26,,2020-10-07 15:48:29,24,2.16.840.1.113883.2.10.27,1
16,.,A,2020-10-07 15:49:31,,2020-10-07 15:49:28,25,2.16.840.1.113883.2.10.27,1
17,.,A,2020-10-19 19:05:01,,2020-10-19 19:05:05,27,2.16.840.1.113883.2.10.27,1
42,PB,A,2021-01-22 16:58:27,,2021-01-22 16:58:27,31,2.16.840.1.113883.2.10.27,136
43,PRIMER PISO,A,2021-01-22 16:58:54,,2021-01-22 16:58:54,31,2.16.840.1.113883.2.10.27,136
44,SEGUNDO PISO,A,2021-01-22 16:59:15,,2021-01-22 16:59:15,31,2.16.840.1.113883.2.10.27,136
62,.,A,2021-02-05 16:28:07,,2021-02-05 16:28:07,12400,2.16.840.1.113883.2.10.27,11
24,.,A,2021-02-17 12:22:46,,2021-02-17 12:22:48,32,2.16.840.1.113883.2.10.27,1
25,.,A,2021-02-17 12:22:46,,2021-02-17 12:22:48,1,2.16.840.1.113883.2.10.27,1
30,PB,A,2021-01-22 16:58:27,,2021-01-22 16:58:27,3,2.16.840.1.113883.2.10.27,136
31,1 PISO,A,2021-01-22 16:58:27,,2021-01-22 16:58:27,3,2.16.840.1.113883.2.10.27,136
32,2 PISO,A,2021-01-22 16:58:27,,2021-01-22 16:58:27,3,2.16.840.1.113883.2.10.27,136
33,3 PISO,A,2021-01-22 16:58:27,,2021-01-22 16:58:27,3,2.16.840.1.113883.2.10.27,136
34,4 PISO,A,2021-01-22 16:58:27,,2021-01-22 16:58:27,3,2.16.840.1.113883.2.10.27,136
35,5 PISO,A,2021-01-22 16:58:27,,2021-01-22 16:58:27,3,2.16.840.1.113883.2.10.27,136
36,6 PISO,A,2021-01-22 16:58:27,,2021-01-22 16:58:27,3,2.16.840.1.113883.2.10.27,136
82,.,A,2021-04-07 11:35:08,,2021-04-07 11:35:08,881,2.16.840.1.113883.2.10.27,11
103,.,A,2021-04-09 13:45:07,,2021-04-09 13:45:07,308,2.16.840.1.113883.2.10.27,11
37,.,A,2021-01-22 16:58:27,,2021-01-22 16:58:27,5,2.16.840.1.113883.2.10.27,136
3,.,A,2020-09-09 12:09:14,,2020-09-09 12:09:17,12,2.16.840.1.113883.2.10.27,1
4,.,A,2020-09-09 12:09:37,,2020-09-09 12:09:39,13,2.16.840.1.113883.2.10.27,1
18,.,A,2020-10-19 19:41:36,,2020-10-19 19:41:38,28,2.16.840.1.113883.2.10.27,1
19,.,A,2020-11-03 15:31:10,,2020-11-03 15:31:13,29,2.16.840.1.113883.2.10.27,1
23,.,A,2020-11-03 18:49:47,,2020-11-03 18:49:51,30,2.16.840.1.113883.2.10.27,1
20,.,A,2020-11-12 13:20:18,,2020-11-12 13:20:21,30,2.16.840.1.113883.2.10.27,1
26,PB,A,2021-02-17 12:22:46,,2021-02-17 12:22:48,32,2.16.840.1.113883.2.10.27,1
27,PRIMER PISO,A,2021-02-17 12:22:46,,2021-02-17 12:22:48,32,2.16.840.1.113883.2.10.27,1
28,SEGUNDO PISO,A,2021-02-17 12:22:46,,2021-02-17 12:22:48,32,2.16.840.1.113883.2.10.27,1
29,TERCER PISO,A,2021-02-17 12:22:46,,2021-02-17 12:22:48,32,2.16.840.1.113883.2.10.27,1
70,.,A,2021-02-05 16:28:07,,2021-02-05 16:28:07,4,2.16.840.1.113883.2.10.27,11
71,PRIMER PISO,A,2021-02-05 16:28:07,,2021-02-05 16:28:07,4,2.16.840.1.113883.2.10.27,11
72,PB,A,2021-02-05 16:28:07,,2021-02-05 16:28:07,4,2.16.840.1.113883.2.10.27,11
73,SEGUNDO PISO,A,2021-02-05 16:28:07,,2021-02-05 16:28:07,4,2.16.840.1.113883.2.10.27,11
102,Planta baja,A,2021-04-09 13:45:07,,2021-04-09 13:52:15,308,2.16.840.1.113883.2.10.27,11
1,.,A,2020-09-09 12:08:25,,2020-09-09 12:08:28,10,2.16.840.1.113883.2.10.27,1
2,.,A,2020-09-09 12:08:53,,2020-09-09 12:08:56,11,2.16.840.1.113883.2.10.27,1
151,PB,A,2017-11-01 11:09:14,,2017-11-01 11:09:14,2,2.16.840.1.113883.2.10.27,1
152,EP,A,2017-11-01 11:09:24,,2017-11-01 11:09:24,2,2.16.840.1.113883.2.10.27,1
153,1°,A,2017-11-01 11:09:40,,2017-11-01 11:09:40,2,2.16.840.1.113883.2.10.27,1
49,PB,A,2017-10-11 17:26:28,,2017-10-11 17:26:28,48,2.16.840.1.113883.2.10.27,1
50,1°,A,2017-10-11 17:27:58,,2017-10-11 17:27:58,48,2.16.840.1.113883.2.10.27,1
214,PB,A,2017-11-01 12:25:42,,2017-11-01 12:25:42,62,2.16.840.1.113883.2.10.27,1
215,1°,A,2017-11-01 12:26:30,,2017-11-01 12:26:30,62,2.16.840.1.113883.2.10.27,1
216,2°,A,2017-11-01 12:26:54,,2017-11-01 12:26:54,62,2.16.840.1.113883.2.10.27,1
300,PB,A,2017-11-02 13:37:41,,2017-11-02 13:37:41,63,2.16.840.1.113883.2.10.27,1
301,1°,A,2017-11-02 13:38:28,,2017-11-02 13:38:28,63,2.16.840.1.113883.2.10.27,1
302,2°,A,2017-11-02 13:38:43,,2017-11-02 13:38:43,63,2.16.840.1.113883.2.10.27,1
318,Planta Baja,A,2017-11-15 10:34:15,,2020-03-30 09:49:50,94,2.16.840.1.113883.2.10.27,1
348,2°,A,2017-11-15 15:12:49,,2017-11-15 15:12:49,94,2.16.840.1.113883.2.10.27,1
4352,Primer Piso,A,2020-03-27 16:12:14,,2020-04-16 19:11:56,94,2.16.840.1.113883.2.10.27,1
4353,Planta Baja,A,2020-03-27 16:15:19,,2020-04-16 19:13:14,95,2.16.840.1.113883.2.10.27,1
4354,Primer Piso,A,2020-03-27 16:17:14,,2020-04-16 19:12:38,95,2.16.840.1.113883.2.10.27,1
369,Planta Baja,A,2017-11-16 14:10:03,,2020-04-15 13:03:51,97,2.16.840.1.113883.2.10.27,1
411,1°,A,2017-11-16 15:37:40,,2017-11-16 15:37:40,97,2.16.840.1.113883.2.10.27,1
415,SS,A,2017-11-16 15:44:16,,2017-11-16 15:44:16,97,2.16.840.1.113883.2.10.27,1
421,2°,A,2017-11-16 15:53:11,,2017-11-16 15:53:11,97,2.16.840.1.113883.2.10.27,1
351,PB,A,2017-11-15 16:07:44,,2017-11-15 16:07:44,98,2.16.840.1.113883.2.10.27,1
354,Planta Baja,A,2017-11-15 16:15:39,,2020-04-15 13:04:14,99,2.16.840.1.113883.2.10.27,1
426,Primer Piso,A,2017-11-16 16:07:39,,2020-04-24 00:18:21,100,2.16.840.1.113883.2.10.27,1
4546,Planta Baja,A,2020-04-24 00:20:05,,2020-04-24 00:20:05,100,2.16.840.1.113883.2.10.27,1
363,PB,A,2017-11-15 16:38:36,,2017-11-15 16:38:36,101,2.16.840.1.113883.2.10.27,1
365,PB,A,2017-11-15 16:40:41,,2017-11-15 16:40:41,102,2.16.840.1.113883.2.10.27,1
367,PB,A,2017-11-15 16:44:03,,2017-11-15 16:44:03,103,2.16.840.1.113883.2.10.27,1
402,PB,A,2017-11-16 15:13:36,,2017-11-16 15:13:36,105,2.16.840.1.113883.2.10.27,1
442,PB,A,2017-11-27 12:05:05,,2017-11-27 12:05:05,441,2.16.840.1.113883.2.10.27,1
443,1°,A,2017-11-27 12:05:19,,2017-11-27 12:05:19,441,2.16.840.1.113883.2.10.27,1
444,2°,A,2017-11-27 12:05:31,,2017-11-27 12:05:31,441,2.16.840.1.113883.2.10.27,1
470,PB,A,2017-11-27 16:28:35,,2017-11-27 16:28:35,469,2.16.840.1.113883.2.10.27,1
480,1°,A,2017-11-27 17:35:20,,2017-11-27 17:35:20,469,2.16.840.1.113883.2.10.27,1
503,1º,A,2017-12-05 10:11:51,,2017-12-05 10:11:51,492,2.16.840.1.113883.2.10.27,1
624,2º,A,2017-12-06 10:03:59,,2017-12-06 10:03:59,492,2.16.840.1.113883.2.10.27,1
709,3º,A,2017-12-06 12:30:00,,2017-12-06 12:30:00,492,2.16.840.1.113883.2.10.27,1
2232,Planta Baja,A,2018-05-28 17:03:48,,2020-04-16 18:25:12,492,2.16.840.1.113883.2.10.27,1
754,PB,A,2017-12-12 08:49:32,,2017-12-12 08:49:32,493,2.16.840.1.113883.2.10.27,1
788,1°,A,2017-12-12 10:46:37,,2017-12-12 10:46:37,493,2.16.840.1.113883.2.10.27,1
816,2°,A,2017-12-12 12:08:48,,2017-12-12 12:08:48,493,2.16.840.1.113883.2.10.27,1
832,3°,A,2017-12-12 12:48:24,,2017-12-12 12:48:24,493,2.16.840.1.113883.2.10.27,1
495,PB,A,2017-12-04 11:32:18,,2017-12-04 11:32:18,494,2.16.840.1.113883.2.10.27,1
496,1°,A,2017-12-04 11:32:34,,2017-12-04 11:32:34,494,2.16.840.1.113883.2.10.27,1
526,PB,A,2017-12-05 10:50:53,,2017-12-05 10:50:53,507,2.16.840.1.113883.2.10.27,1
527,1,A,2017-12-05 10:52:02,,2017-12-05 10:52:02,507,2.16.840.1.113883.2.10.27,1
530,1,A,2017-12-05 10:53:36,,2017-12-05 10:53:36,510,2.16.840.1.113883.2.10.27,1
532,PB,A,2017-12-05 10:54:54,,2017-12-05 10:54:54,511,2.16.840.1.113883.2.10.27,1
533,Primer Piso,A,2017-12-05 10:55:21,,2020-04-16 17:23:35,511,2.16.840.1.113883.2.10.27,1
534,2,A,2017-12-05 10:55:57,,2017-12-05 10:55:57,511,2.16.840.1.113883.2.10.27,1
535,PB,A,2017-12-05 10:56:38,,2017-12-05 10:56:38,512,2.16.840.1.113883.2.10.27,1
536,1,A,2017-12-05 10:56:55,,2017-12-05 10:56:55,512,2.16.840.1.113883.2.10.27,1
537,PB,A,2017-12-05 10:57:27,,2017-12-05 10:57:27,513,2.16.840.1.113883.2.10.27,1
538,1,A,2017-12-05 10:58:19,,2017-12-05 10:58:19,513,2.16.840.1.113883.2.10.27,1
539,2,A,2017-12-05 10:58:43,,2017-12-05 10:58:43,513,2.16.840.1.113883.2.10.27,1
540,PB,A,2017-12-05 10:59:14,,2017-12-05 10:59:14,514,2.16.840.1.113883.2.10.27,1
542,1,A,2017-12-05 10:59:38,,2017-12-05 10:59:38,514,2.16.840.1.113883.2.10.27,1
543,PB,A,2017-12-05 11:00:17,,2017-12-05 11:00:17,515,2.16.840.1.113883.2.10.27,1
544,PB,A,2017-12-05 11:01:00,,2017-12-05 11:01:00,518,2.16.840.1.113883.2.10.27,1
545,PB,A,2017-12-05 11:01:18,,2017-12-05 11:01:18,520,2.16.840.1.113883.2.10.27,1
546,2,A,2017-12-05 11:01:42,,2017-12-05 11:01:42,521,2.16.840.1.113883.2.10.27,1
1346,BAJO PLAZA,A,2018-01-16 10:10:49,,2018-01-16 10:11:08,625,2.16.840.1.113883.2.10.27,1
1347,2°,A,2018-01-16 10:11:59,,2018-01-16 10:12:22,625,2.16.840.1.113883.2.10.27,1
1348,3°,A,2018-01-16 10:13:12,,2018-01-16 10:13:12,625,2.16.840.1.113883.2.10.27,1
1317,Segundo Piso,A,2018-01-12 13:55:28,,2020-04-16 18:56:04,627,2.16.840.1.113883.2.10.27,1
4365,Planta Baja,A,2020-03-27 16:39:22,,2020-04-16 18:56:26,627,2.16.840.1.113883.2.10.27,1
4366,Tercer Piso,A,2020-03-27 16:40:31,,2020-04-16 18:56:55,627,2.16.840.1.113883.2.10.27,1
866,PB,A,2017-12-13 09:40:51,,2017-12-13 09:40:51,864,2.16.840.1.113883.2.10.27,1
921,1°,A,2017-12-13 10:54:19,,2017-12-13 10:54:19,864,2.16.840.1.113883.2.10.27,1
868,SS,A,2017-12-13 09:45:49,,2017-12-13 09:45:49,867,2.16.840.1.113883.2.10.27,1
870,PB,A,2017-12-13 09:52:39,,2017-12-13 09:52:39,867,2.16.840.1.113883.2.10.27,1
871,1°,A,2017-12-13 09:52:57,,2017-12-13 09:52:57,867,2.16.840.1.113883.2.10.27,1
872,3°,A,2017-12-13 09:53:27,,2017-12-13 09:53:27,867,2.16.840.1.113883.2.10.27,1
874,4°,A,2017-12-13 09:53:51,,2017-12-13 09:53:51,867,2.16.840.1.113883.2.10.27,1
875,5°,A,2017-12-13 09:54:18,,2017-12-13 09:54:18,867,2.16.840.1.113883.2.10.27,1
877,6°,A,2017-12-13 09:55:54,,2017-12-13 09:55:54,867,2.16.840.1.113883.2.10.27,1
878,7°,A,2017-12-13 09:56:14,,2017-12-13 09:56:14,867,2.16.840.1.113883.2.10.27,1
880,2°,A,2017-12-13 09:57:08,,2017-12-13 09:57:08,867,2.16.840.1.113883.2.10.27,1
970,PB,A,2017-12-13 12:58:25,,2017-12-13 12:58:25,963,2.16.840.1.113883.2.10.27,1
4402,Primer Piso,A,2020-03-28 23:08:38,,2020-03-28 23:08:38,963,2.16.840.1.113883.2.10.27,1
4403,Segundo Piso,A,2020-03-28 23:09:37,,2020-03-28 23:09:37,963,2.16.840.1.113883.2.10.27,1
1153,PB,A,2017-12-19 11:57:24,,2017-12-19 11:57:24,980,2.16.840.1.113883.2.10.27,1
1015,PB,A,2017-12-14 08:59:59,,2017-12-14 08:59:59,1013,2.16.840.1.113883.2.10.27,1
1017,1°,A,2017-12-14 09:00:16,,2017-12-14 09:00:16,1013,2.16.840.1.113883.2.10.27,1
1018,2°,A,2017-12-14 09:00:54,,2017-12-14 09:00:54,1013,2.16.840.1.113883.2.10.27,1
1082,PB,A,2017-12-15 08:32:24,,2017-12-15 08:32:24,1081,2.16.840.1.113883.2.10.27,1
1083,1°,A,2017-12-15 08:33:00,,2017-12-15 08:33:00,1081,2.16.840.1.113883.2.10.27,1
1109,Planta Baja,A,2017-12-15 10:35:39,,2020-04-16 18:13:37,1108,2.16.840.1.113883.2.10.27,1
1110,Primer Piso,A,2017-12-15 10:35:56,,2020-04-16 18:13:22,1108,2.16.840.1.113883.2.10.27,1
1111,2°,A,2017-12-15 10:39:46,,2017-12-15 10:39:46,1108,2.16.840.1.113883.2.10.27,1
1114,PB,A,2017-12-19 10:54:05,,2017-12-19 10:54:05,1113,2.16.840.1.113883.2.10.27,1
1116,PB,A,2017-12-19 10:55:17,,2017-12-19 10:55:17,1115,2.16.840.1.113883.2.10.27,1
1117,1°,A,2017-12-19 10:55:51,,2017-12-19 10:55:51,1115,2.16.840.1.113883.2.10.27,1
1119,1°,A,2017-12-19 10:56:49,,2017-12-19 10:56:49,1118,2.16.840.1.113883.2.10.27,1
1133,PB,A,2017-12-19 11:25:47,,2017-12-19 11:25:47,1121,2.16.840.1.113883.2.10.27,1
1134,1°,A,2017-12-19 11:26:01,,2017-12-19 11:26:01,1121,2.16.840.1.113883.2.10.27,1
1135,Planta Baja,A,2017-12-19 11:26:25,,2020-03-29 14:51:41,1122,2.16.840.1.113883.2.10.27,1
1136,1°,A,2017-12-19 11:26:38,,2017-12-19 11:26:38,1122,2.16.840.1.113883.2.10.27,1
1137,Planta Baja,A,2017-12-19 11:26:55,,2020-04-24 01:55:19,1123,2.16.840.1.113883.2.10.27,1
1138,Primer Piso,A,2017-12-19 11:27:10,,2020-03-29 14:56:45,1123,2.16.840.1.113883.2.10.27,1
1139,SS,A,2017-12-19 11:27:35,,2017-12-19 11:27:35,1124,2.16.840.1.113883.2.10.27,1
1140,Planta Baja,A,2017-12-19 11:27:46,,2020-03-29 14:49:13,1124,2.16.840.1.113883.2.10.27,1
1141,Primer Piso,A,2017-12-19 11:28:02,,2020-03-29 14:50:54,1124,2.16.840.1.113883.2.10.27,1
1142,PB,A,2017-12-19 11:28:27,,2017-12-19 11:28:27,1125,2.16.840.1.113883.2.10.27,1
1143,Primer Piso,A,2017-12-19 11:28:41,,2020-03-29 14:52:18,1125,2.16.840.1.113883.2.10.27,1
1144,PB,A,2017-12-19 11:29:03,,2017-12-19 11:29:03,1126,2.16.840.1.113883.2.10.27,1
1145,PB,A,2017-12-19 11:29:34,,2017-12-19 11:29:34,1128,2.16.840.1.113883.2.10.27,1
1146,1°,A,2017-12-19 11:29:45,,2017-12-19 11:29:45,1128,2.16.840.1.113883.2.10.27,1
1147,2°,A,2017-12-19 11:29:56,,2017-12-19 11:29:56,1128,2.16.840.1.113883.2.10.27,1
1148,3°,A,2017-12-19 11:30:10,,2017-12-19 11:30:10,1128,2.16.840.1.113883.2.10.27,1
1149,PB,A,2017-12-19 11:30:29,,2017-12-19 11:30:29,1129,2.16.840.1.113883.2.10.27,1
1151,PB,A,2017-12-19 11:31:16,,2017-12-19 11:31:16,1131,2.16.840.1.113883.2.10.27,1
1152,PB,A,2017-12-19 11:31:39,,2017-12-19 11:31:39,1132,2.16.840.1.113883.2.10.27,1
1205,PB,A,2017-12-20 10:41:52,,2017-12-20 10:41:52,1204,2.16.840.1.113883.2.10.27,1
1206,1°,A,2017-12-20 10:42:22,,2017-12-20 10:42:22,1204,2.16.840.1.113883.2.10.27,1
1334,SS,B,2018-01-12 16:58:00,2020-06-02 12:43:14,2020-06-02 12:43:14,1240,2.16.840.1.113883.2.10.27,4
1335,PB,B,2018-01-12 16:58:21,2020-06-02 12:43:14,2020-06-02 12:43:14,1240,2.16.840.1.113883.2.10.27,4
1336,Primer Piso,B,2018-01-12 16:58:52,2020-06-02 12:43:13,2020-06-02 12:43:13,1240,2.16.840.1.113883.2.10.27,4
1337,Segundo Piso,B,2018-01-12 16:59:08,2020-06-02 12:43:14,2020-06-02 12:43:14,1240,2.16.840.1.113883.2.10.27,4
1338,Tercer Piso,B,2018-01-12 16:59:30,2020-06-02 12:43:14,2020-06-02 12:43:14,1240,2.16.840.1.113883.2.10.27,4
1345,Primer Piso,A,2018-01-16 10:09:06,,2020-04-16 18:57:14,1241,2.16.840.1.113883.2.10.27,1
1339,5°,A,2018-01-12 17:00:12,,2018-01-12 17:00:12,1242,2.16.840.1.113883.2.10.27,1
1340,4°,A,2018-01-12 17:00:31,,2018-01-12 17:00:31,1242,2.16.840.1.113883.2.10.27,1
1341,3°,A,2018-01-12 17:00:46,,2018-01-12 17:00:46,1242,2.16.840.1.113883.2.10.27,1
1342,2°,A,2018-01-12 17:01:03,,2018-01-12 17:01:03,1242,2.16.840.1.113883.2.10.27,1
1343,1°,A,2018-01-12 17:01:16,,2018-01-12 17:01:16,1242,2.16.840.1.113883.2.10.27,1
1344,PB,A,2018-01-12 17:01:29,,2018-01-12 17:01:29,1242,2.16.840.1.113883.2.10.27,1
1303,PB,A,2018-01-12 13:34:57,,2018-01-12 13:34:57,1302,2.16.840.1.113883.2.10.27,1
2263,PRIMER PISO,A,2018-05-29 15:19:37,,2018-05-29 15:19:37,1302,2.16.840.1.113883.2.10.27,1
2292,SEGUNDO PISO,A,2018-05-29 16:16:00,,2018-05-29 16:16:00,1302,2.16.840.1.113883.2.10.27,1
2457,Subsuelo,A,2018-05-30 17:16:47,,2018-05-30 17:16:47,1302,2.16.840.1.113883.2.10.27,1
1362,PB,A,2018-01-23 15:28:46,,2018-01-23 15:28:46,1361,2.16.840.1.113883.2.10.27,1
1363,Piso 1 ,A,2018-01-23 15:29:11,,2018-01-23 15:29:11,1361,2.16.840.1.113883.2.10.27,1
1388,PB,A,2018-01-23 16:38:44,,2018-01-23 16:38:44,1387,2.16.840.1.113883.2.10.27,1
1408,PB,A,2018-01-23 17:24:15,,2018-01-23 17:24:15,1407,2.16.840.1.113883.2.10.27,1
1435,PB,A,2018-01-24 17:05:10,,2018-01-24 17:05:10,1434,2.16.840.1.113883.2.10.27,1
1451,PB,A,2018-01-25 14:36:04,,2018-01-25 14:36:04,1450,2.16.840.1.113883.2.10.27,1
1452,Primer Piso,A,2018-01-25 14:36:40,,2018-01-25 14:36:40,1450,2.16.840.1.113883.2.10.27,1
4174,primer piso,A,2019-12-17 13:15:40,,2019-12-17 13:15:40,1466,2.16.840.1.113883.2.10.27,1
1505,PB ,A,2018-01-25 17:43:26,,2018-01-25 17:43:26,1504,2.16.840.1.113883.2.10.27,1
1506,Primer Piso,A,2018-01-25 17:44:07,,2018-01-25 17:44:07,1504,2.16.840.1.113883.2.10.27,1
1530,PB,A,2018-01-26 14:36:06,,2018-01-26 14:36:06,1529,2.16.840.1.113883.2.10.27,1
1531,Primer Piso,A,2018-01-26 14:36:25,,2018-01-26 14:36:25,1529,2.16.840.1.113883.2.10.27,1
1551,PB,A,2018-01-26 15:14:39,,2018-01-26 15:14:39,1550,2.16.840.1.113883.2.10.27,1
1567,PB,A,2018-01-26 15:31:57,,2018-01-26 15:31:57,1566,2.16.840.1.113883.2.10.27,1
1580,Primer Piso,A,2018-01-26 16:17:03,,2018-01-26 16:17:03,1566,2.16.840.1.113883.2.10.27,1
1602,PB,A,2018-01-26 16:56:41,,2018-01-26 16:56:41,1601,2.16.840.1.113883.2.10.27,1
1630,PB,A,2018-01-26 17:43:26,,2018-01-26 17:43:26,1629,2.16.840.1.113883.2.10.27,1
1653,PB,A,2018-01-29 14:18:54,,2018-01-29 14:18:54,1652,2.16.840.1.113883.2.10.27,1
3405,Primer Piso,A,2019-10-18 11:02:09,,2019-10-18 11:38:18,1652,2.16.840.1.113883.2.10.27,1
1672,PB,A,2018-01-29 14:48:47,,2018-01-29 14:48:47,1671,2.16.840.1.113883.2.10.27,1
1692,PB,A,2018-01-29 15:36:40,,2018-01-29 15:36:40,1691,2.16.840.1.113883.2.10.27,1
1693,Primer Piso,A,2018-01-29 15:36:56,,2018-01-29 15:36:56,1691,2.16.840.1.113883.2.10.27,1
1722,PB,A,2018-01-29 16:11:15,,2018-01-29 16:11:15,1721,2.16.840.1.113883.2.10.27,1
1723,Primer Piso,A,2018-01-29 16:11:30,,2018-01-29 16:11:30,1721,2.16.840.1.113883.2.10.27,1
1724,Segundo Piso,A,2018-01-29 16:11:46,,2018-01-29 16:11:46,1721,2.16.840.1.113883.2.10.27,1
1749,PB,A,2018-01-30 14:24:28,,2018-01-30 14:24:28,1748,2.16.840.1.113883.2.10.27,1
1750,Primer Piso,A,2018-01-30 14:24:55,,2018-01-30 14:24:55,1748,2.16.840.1.113883.2.10.27,1
1751,Subsuelo,A,2018-01-30 14:25:14,,2018-01-30 14:25:14,1748,2.16.840.1.113883.2.10.27,1
1754,PB,A,2018-01-30 15:01:33,,2018-01-30 15:01:33,1753,2.16.840.1.113883.2.10.27,1
1769,PB,A,2018-02-01 15:07:57,,2018-02-01 15:07:57,1768,2.16.840.1.113883.2.10.27,1
1795,PB,A,2018-02-07 16:03:11,,2018-02-07 16:03:11,1794,2.16.840.1.113883.2.10.27,1
1796,Primer Piso,A,2018-02-07 16:03:36,,2018-02-07 16:03:36,1794,2.16.840.1.113883.2.10.27,1
1814,PB,A,2018-02-08 17:37:08,,2018-02-08 17:37:08,1813,2.16.840.1.113883.2.10.27,1
1836,PB,A,2018-02-22 14:38:38,,2018-02-22 14:38:38,1835,2.16.840.1.113883.2.10.27,1
1837,Primer Piso,A,2018-02-22 14:39:39,,2018-02-22 14:39:39,1835,2.16.840.1.113883.2.10.27,1
1838,Segundo Piso,A,2018-02-22 14:41:39,,2018-02-22 14:41:39,1835,2.16.840.1.113883.2.10.27,1
1857,PB,A,2018-02-22 15:23:23,,2018-02-22 15:23:23,1856,2.16.840.1.113883.2.10.27,1
1858,Primer Piso,A,2018-02-22 15:23:43,,2018-02-22 15:23:43,1856,2.16.840.1.113883.2.10.27,1
1927,PB,A,2018-02-22 16:56:40,,2018-02-22 16:56:40,1926,2.16.840.1.113883.2.10.27,1
1928,Primer Piso,A,2018-02-22 16:57:04,,2018-02-22 16:57:04,1926,2.16.840.1.113883.2.10.27,1
1955,PB,A,2018-02-23 14:40:27,,2018-02-23 14:40:27,1954,2.16.840.1.113883.2.10.27,1
1972,PB,A,2018-02-23 15:09:25,,2018-02-23 15:09:25,1971,2.16.840.1.113883.2.10.27,1
1989,PB,A,2018-03-12 14:34:18,,2018-03-12 14:34:18,1988,2.16.840.1.113883.2.10.27,1
2012,Planta Baja,A,2018-05-21 14:35:23,,2020-03-30 09:51:51,2011,2.16.840.1.113883.2.10.27,1
4419,Segundo Piso,A,2020-03-29 13:07:54,,2020-03-29 13:07:54,2011,2.16.840.1.113883.2.10.27,1
4420,Primer Piso,A,2020-03-29 13:08:27,,2020-03-29 13:08:27,2011,2.16.840.1.113883.2.10.27,1
2119,PB,A,2018-05-22 15:44:17,,2018-05-22 15:44:17,2118,2.16.840.1.113883.2.10.27,1
2120,Primer Piso,A,2018-05-22 15:45:11,,2020-04-15 13:40:43,2118,2.16.840.1.113883.2.10.27,1
2121,Segundo Piso,A,2018-05-22 15:49:21,,2020-04-15 13:23:32,2118,2.16.840.1.113883.2.10.27,1
2122,Tercer Piso,A,2018-05-22 15:49:43,,2020-04-15 13:23:55,2118,2.16.840.1.113883.2.10.27,1
2123,Cuarto Piso,A,2018-05-22 15:50:07,,2020-04-15 13:35:10,2118,2.16.840.1.113883.2.10.27,1
2124,Quinto Piso,A,2018-05-22 15:50:28,,2020-04-16 19:07:38,2118,2.16.840.1.113883.2.10.27,1
2125,6° PISO,A,2018-05-22 15:51:41,,2018-05-22 15:51:41,2118,2.16.840.1.113883.2.10.27,1
2126,Séptimo Piso,A,2018-05-22 15:51:59,,2020-04-15 13:39:20,2118,2.16.840.1.113883.2.10.27,1
1150,PB,A,2017-12-19 11:30:55,,2017-12-19 11:30:55,1130,2.16.840.1.113883.2.10.27,1
2127,8° PISO,A,2018-05-22 15:52:22,,2018-05-22 15:52:22,2118,2.16.840.1.113883.2.10.27,1
2128,9° PISO,A,2018-05-22 15:52:40,,2018-05-22 15:52:40,2118,2.16.840.1.113883.2.10.27,1
2129,10° PISO,A,2018-05-22 15:52:57,,2018-05-22 15:52:57,2118,2.16.840.1.113883.2.10.27,1
2130,Subsuelo,A,2018-05-22 15:55:33,,2020-04-15 13:42:17,2118,2.16.840.1.113883.2.10.27,1
3085,Piso 2,A,2018-10-30 15:46:52,,2018-10-30 15:46:52,2118,2.16.840.1.113883.2.10.27,1
2141,PB,A,2018-05-24 14:54:06,,2018-05-24 14:54:06,2140,2.16.840.1.113883.2.10.27,1
4438,Planta Baja,A,2020-03-29 13:35:44,,2020-03-29 13:35:44,2140,2.16.840.1.113883.2.10.27,1
4439,Primer Piso,A,2020-03-29 13:36:13,,2020-03-29 13:36:13,2140,2.16.840.1.113883.2.10.27,1
4440,Segundo Piso,A,2020-03-29 13:36:37,,2020-03-29 13:36:37,2140,2.16.840.1.113883.2.10.27,1
4441,Tercer Piso,A,2020-03-29 13:36:57,,2020-03-29 13:36:57,2140,2.16.840.1.113883.2.10.27,1
4442,Cuarto Piso,A,2020-03-29 13:38:22,,2020-03-29 13:38:22,2140,2.16.840.1.113883.2.10.27,1
2205,PB,A,2018-05-28 14:54:59,,2018-05-28 14:54:59,2202,2.16.840.1.113883.2.10.27,1
4412,Segundo Piso,A,2020-03-29 13:02:33,,2020-03-29 13:02:33,2202,2.16.840.1.113883.2.10.27,1
4413,Primer Piso,A,2020-03-29 13:03:08,,2020-03-29 13:03:08,2202,2.16.840.1.113883.2.10.27,1
2303,PB,A,2018-05-29 16:51:04,,2018-05-29 16:51:04,2302,2.16.840.1.113883.2.10.27,1
2304,PRIMER PISO,A,2018-05-29 16:51:31,,2018-05-29 16:51:31,2302,2.16.840.1.113883.2.10.27,1
2333,PRIMER PISO,A,2018-05-30 14:24:58,,2018-05-30 14:24:58,2332,2.16.840.1.113883.2.10.27,1
2345,SEGUNDO PISO,A,2018-05-30 14:47:01,,2018-05-30 14:47:01,2332,2.16.840.1.113883.2.10.27,1
2346,Planta Baja,A,2018-05-30 14:55:19,,2020-03-29 14:58:27,2338,2.16.840.1.113883.2.10.27,1
3841,Primer Piso,A,2019-11-26 15:44:41,,2020-03-29 14:59:05,2338,2.16.840.1.113883.2.10.27,1
2348,PB,A,2018-05-30 14:57:46,,2018-05-30 14:57:46,2347,2.16.840.1.113883.2.10.27,1
2349,Primer Piso,A,2018-05-30 14:58:28,,2018-05-30 14:58:28,2347,2.16.840.1.113883.2.10.27,1
2351,Segundo Piso,A,2018-05-30 14:59:05,,2018-05-30 14:59:05,2347,2.16.840.1.113883.2.10.27,1
2352,Tercer Piso,A,2018-05-30 14:59:34,,2018-05-30 14:59:34,2347,2.16.840.1.113883.2.10.27,1
2353,Cuarto Piso,A,2018-05-30 14:59:57,,2018-05-30 14:59:57,2347,2.16.840.1.113883.2.10.27,1
2355,Quinto Piso,A,2018-05-30 15:00:34,,2018-05-30 15:00:34,2347,2.16.840.1.113883.2.10.27,1
2356,Sexto Piso,A,2018-05-30 15:01:24,,2018-05-30 15:01:24,2347,2.16.840.1.113883.2.10.27,1
2357,Septimo Piso,A,2018-05-30 15:01:46,,2018-05-30 15:01:46,2347,2.16.840.1.113883.2.10.27,1
2358,Octavo Piso,A,2018-05-30 15:02:15,,2018-05-30 15:02:15,2347,2.16.840.1.113883.2.10.27,1
2811,Primer Piso,A,2018-06-13 14:35:11,,2018-06-13 14:35:11,2810,2.16.840.1.113883.2.10.27,1
2848,PRIMER PISO,A,2018-06-13 16:18:09,,2018-06-13 16:18:09,2847,2.16.840.1.113883.2.10.27,1
2869,PB,A,2018-06-13 16:47:27,,2018-06-13 16:47:27,2868,2.16.840.1.113883.2.10.27,1
3201,PB EMERGENCIA/HALL HOSP. RAMOS MEJIA,A,2019-10-11 13:32:51,,2019-10-11 13:32:51,2868,2.16.840.1.113883.2.10.27,1
2875,PB,A,2018-06-13 17:14:04,,2018-06-13 17:14:04,2874,2.16.840.1.113883.2.10.27,1
2898,PB,A,2018-06-14 15:03:35,,2018-06-14 15:03:35,2897,2.16.840.1.113883.2.10.27,1
3225,Primer Piso,A,2019-10-11 15:35:18,,2019-10-11 15:35:18,2897,2.16.840.1.113883.2.10.27,1
2904,PB,A,2018-06-28 14:54:32,,2018-06-28 14:54:32,2903,2.16.840.1.113883.2.10.27,1
2905,PRIMER PISO,A,2018-06-28 14:55:20,,2018-06-28 14:55:20,2903,2.16.840.1.113883.2.10.27,1
2906,SEGUNDO PISO ,A,2018-06-28 14:55:44,,2018-06-28 14:55:44,2903,2.16.840.1.113883.2.10.27,1
2925,Planta Baja,A,2018-06-28 15:34:39,,2020-04-16 17:52:39,2924,2.16.840.1.113883.2.10.27,1
2933,Primer Piso,A,2018-06-28 16:25:05,,2020-04-17 22:13:00,2932,2.16.840.1.113883.2.10.27,1
2940,Primer piso,A,2018-07-30 13:05:00,,2018-07-30 13:05:00,2939,2.16.840.1.113883.2.10.27,1
2941,Basamento,A,2018-07-30 13:05:26,,2018-07-30 13:05:26,2939,2.16.840.1.113883.2.10.27,1
2972,Subsuelo,A,2018-08-03 16:08:18,,2020-04-16 18:30:54,2971,2.16.840.1.113883.2.10.27,1
2973,Planta Baja,A,2018-08-03 16:08:51,,2020-04-16 18:35:15,2971,2.16.840.1.113883.2.10.27,1
2974,Primer Piso,A,2018-08-03 16:09:52,,2020-04-16 18:30:23,2971,2.16.840.1.113883.2.10.27,1
2975,Segundo Piso,A,2018-08-03 16:10:22,,2020-04-16 18:31:26,2971,2.16.840.1.113883.2.10.27,1
2976,Tercer Piso,A,2018-08-03 16:10:59,,2020-04-16 18:32:00,2971,2.16.840.1.113883.2.10.27,1
2977,Cuarto Piso,A,2018-08-03 16:11:41,,2020-04-16 18:32:50,2971,2.16.840.1.113883.2.10.27,1
2979,Quinto Piso,A,2018-08-03 16:13:30,,2020-04-16 18:37:13,2971,2.16.840.1.113883.2.10.27,1
2980,Sexto Piso,A,2018-08-03 16:13:59,,2020-04-16 18:37:46,2971,2.16.840.1.113883.2.10.27,1
2981,Séptimo Piso,A,2018-08-03 16:14:25,,2020-04-16 18:38:17,2971,2.16.840.1.113883.2.10.27,1
3076,Planta Baja,A,2018-10-30 15:17:16,,2020-04-15 13:03:33,3075,2.16.840.1.113883.2.10.27,1
4355,Primer Piso,A,2020-03-27 16:18:29,,2020-04-16 19:14:02,3075,2.16.840.1.113883.2.10.27,1
3098,Planta baja,A,2018-10-31 15:50:45,,2018-10-31 15:50:45,3097,2.16.840.1.113883.2.10.27,1
3099,Primer piso,A,2018-10-31 15:51:31,,2018-10-31 15:51:31,3097,2.16.840.1.113883.2.10.27,1
3100,Segundo piso,A,2018-10-31 15:52:09,,2018-10-31 15:52:09,3097,2.16.840.1.113883.2.10.27,1
3117,Planta baja,A,2019-01-30 09:37:15,,2019-01-30 09:37:15,3116,2.16.840.1.113883.2.10.27,1
3118,Primer piso,A,2019-01-30 09:37:52,,2019-01-30 09:37:52,3116,2.16.840.1.113883.2.10.27,1
3142,Planta baja,A,2019-02-08 11:54:47,,2019-02-08 11:54:47,3141,2.16.840.1.113883.2.10.27,1
3161,Planta baja,A,2019-04-03 11:12:37,,2019-04-03 11:12:37,3160,2.16.840.1.113883.2.10.27,1
3162,Primer piso,A,2019-04-03 11:14:03,,2019-10-18 12:26:37,3160,2.16.840.1.113883.2.10.27,1
3231,PB,A,2019-10-11 15:51:36,,2019-10-11 15:51:36,3230,2.16.840.1.113883.2.10.27,1
3240,Subsuelo,A,2019-10-11 16:45:15,,2019-10-11 16:45:15,3230,2.16.840.1.113883.2.10.27,1
3254,PB,A,2019-10-11 17:05:55,,2019-10-11 17:05:55,3253,2.16.840.1.113883.2.10.27,1
3259,Primer Piso,A,2019-10-11 17:14:05,,2019-10-11 17:14:05,3253,2.16.840.1.113883.2.10.27,1
3266,Segundo PIso,A,2019-10-11 17:29:19,,2019-10-11 17:29:19,3253,2.16.840.1.113883.2.10.27,1
3271,Tercer Piso,A,2019-10-15 14:50:58,,2019-10-15 14:50:58,3253,2.16.840.1.113883.2.10.27,1
3296,PB,A,2019-10-15 15:28:43,,2019-10-15 15:28:43,3295,2.16.840.1.113883.2.10.27,1
3300,Segundo Piso,A,2019-10-15 15:40:52,,2019-10-15 15:40:52,3295,2.16.840.1.113883.2.10.27,1
3303,Tercer Piso,A,2019-10-15 15:43:49,,2019-10-15 15:43:49,3295,2.16.840.1.113883.2.10.27,1
3306,PB,A,2019-10-15 15:47:41,,2019-10-15 15:47:41,3305,2.16.840.1.113883.2.10.27,1
3317,Subsuelo,A,2019-10-15 16:12:25,,2019-10-15 16:12:25,3305,2.16.840.1.113883.2.10.27,1
3323,Planta Baja,A,2019-10-15 16:43:52,,2019-10-15 16:43:52,3322,2.16.840.1.113883.2.10.27,1
3325,Primer Piso,A,2019-10-15 16:46:15,,2019-10-15 16:46:15,3322,2.16.840.1.113883.2.10.27,1
3340,Segundo Piso,A,2019-10-15 17:42:01,,2019-10-15 17:42:01,3322,2.16.840.1.113883.2.10.27,1
3364,Subsuelo,A,2019-10-16 14:31:29,,2019-10-16 14:31:29,3363,2.16.840.1.113883.2.10.27,1
3371,Primer Piso,A,2019-10-16 14:37:39,,2019-10-16 14:37:39,3370,2.16.840.1.113883.2.10.27,1
3381,Segundo Piso,A,2019-10-16 15:26:26,,2019-10-16 15:26:26,3370,2.16.840.1.113883.2.10.27,1
3389,Planta Baja,A,2019-10-17 12:34:57,,2019-10-17 12:34:57,3370,2.16.840.1.113883.2.10.27,1
3392,Planta Baja,A,2019-10-17 12:38:12,,2019-10-17 12:38:12,3391,2.16.840.1.113883.2.10.27,1
3394,Primer Piso,A,2019-10-17 12:39:28,,2019-10-17 12:39:28,3391,2.16.840.1.113883.2.10.27,1
3396,Subsuelo,A,2019-10-17 12:42:18,,2019-10-17 12:42:18,3391,2.16.840.1.113883.2.10.27,1
3399,Planta Baja,A,2019-10-17 12:43:39,,2019-10-17 12:43:39,3398,2.16.840.1.113883.2.10.27,1
3417,Planta Baja,A,2019-11-21 15:23:52,,2020-04-17 23:48:27,3416,2.16.840.1.113883.2.10.27,1
3482,Primer Piso,A,2019-11-21 17:28:45,,2020-04-18 00:00:04,3416,2.16.840.1.113883.2.10.27,1
4068,Segundo Piso,A,2019-12-04 15:44:23,,2020-05-01 21:29:32,3416,2.16.840.1.113883.2.10.27,1
3636,Planta Baja,A,2019-11-22 17:08:26,,2020-05-01 21:30:50,3635,2.16.840.1.113883.2.10.27,1
3653,Planta Baja,A,2019-11-22 17:32:36,,2020-04-17 23:52:03,3652,2.16.840.1.113883.2.10.27,1
3700,Primer Piso,A,2019-11-25 13:00:18,,2020-04-17 23:57:43,3652,2.16.840.1.113883.2.10.27,1
3705,Planta Baja,A,2019-11-25 13:04:50,,2020-05-01 21:30:18,3704,2.16.840.1.113883.2.10.27,1
3730,Primer Piso,A,2019-11-25 13:34:06,,2019-11-25 13:34:06,3704,2.16.840.1.113883.2.10.27,1
3750,Planta Baja,A,2019-11-25 14:19:43,,2020-05-01 21:30:08,3749,2.16.840.1.113883.2.10.27,1
3755,Planta Baja,A,2019-11-25 14:33:24,,2020-05-01 21:29:55,3754,2.16.840.1.113883.2.10.27,1
3783,Primer Piso,A,2019-11-25 15:01:17,,2020-04-16 18:04:49,3754,2.16.840.1.113883.2.10.27,1
4058,Planta Baja,A,2019-12-04 15:27:47,,2020-05-01 21:29:26,4057,2.16.840.1.113883.2.10.27,1
4153,PB,A,2019-12-17 12:16:54,,2019-12-17 12:16:54,4152,2.16.840.1.113883.2.10.27,1
4357,Primer Piso,A,2020-03-27 16:25:39,,2020-04-16 19:01:34,4356,2.16.840.1.113883.2.10.27,1
4358,Segundo Piso,A,2020-03-27 16:26:12,,2020-04-16 19:02:04,4356,2.16.840.1.113883.2.10.27,1
4359,Tercer Piso,A,2020-03-27 16:26:37,,2020-04-16 19:03:15,4356,2.16.840.1.113883.2.10.27,1
4360,Cuarto Piso,A,2020-03-27 16:27:05,,2020-04-16 19:03:38,4356,2.16.840.1.113883.2.10.27,1
4361,Quinto Piso,A,2020-03-27 16:27:46,,2020-04-16 19:03:50,4356,2.16.840.1.113883.2.10.27,1
4362,Subsuelo,A,2020-03-27 16:28:19,,2020-04-16 19:04:15,4356,2.16.840.1.113883.2.10.27,1
11467,Septimo piso,A,2020-05-08 14:05:32,,2020-05-08 14:05:32,4356,2.16.840.1.113883.2.10.27,1
4364,Planta Baja,A,2020-03-27 16:32:13,,2020-04-16 19:04:59,4363,2.16.840.1.113883.2.10.27,1
4368,Planta Baja,A,2020-03-28 13:33:00,,2020-04-16 19:14:56,4367,2.16.840.1.113883.2.10.27,1
4397,Primer Piso,A,2020-03-28 23:03:07,,2020-03-28 23:03:07,4369,2.16.840.1.113883.2.10.27,1
4398,Planta Baja,A,2020-03-28 23:04:48,,2020-03-28 23:04:48,4369,2.16.840.1.113883.2.10.27,1
4399,Primer Piso,A,2020-03-28 23:05:55,,2020-03-28 23:05:55,4370,2.16.840.1.113883.2.10.27,1
4400,Primer Piso,A,2020-03-28 23:06:41,,2020-03-28 23:06:41,4371,2.16.840.1.113883.2.10.27,1
4401,Planta Baja,A,2020-03-28 23:07:34,,2020-03-28 23:07:34,4371,2.16.840.1.113883.2.10.27,1
4404,Planta Baja,A,2020-03-28 23:10:26,,2020-03-28 23:10:26,4373,2.16.840.1.113883.2.10.27,1
4405,Primer Piso,A,2020-03-28 23:11:18,,2020-03-28 23:11:18,4373,2.16.840.1.113883.2.10.27,1
4406,Planta Baja,A,2020-03-28 23:17:13,,2020-03-28 23:17:13,4374,2.16.840.1.113883.2.10.27,1
4409,Planta Baja,A,2020-03-29 13:00:22,,2020-03-29 13:00:22,4376,2.16.840.1.113883.2.10.27,1
4410,Primer Piso,A,2020-03-29 13:01:09,,2020-03-29 13:01:09,4376,2.16.840.1.113883.2.10.27,1
4411,Segundo Piso,A,2020-03-29 13:01:46,,2020-03-29 13:01:46,4376,2.16.840.1.113883.2.10.27,1
4414,Segundo Piso,A,2020-03-29 13:04:32,,2020-03-29 13:04:32,4377,2.16.840.1.113883.2.10.27,1
4415,Primer Piso,A,2020-03-29 13:05:06,,2020-03-29 13:05:06,4377,2.16.840.1.113883.2.10.27,1
4416,Planta Baja,A,2020-03-29 13:05:48,,2020-03-29 13:05:48,4378,2.16.840.1.113883.2.10.27,1
4418,Segundo Piso,A,2020-03-29 13:07:07,,2020-03-29 13:07:07,4380,2.16.840.1.113883.2.10.27,1
4421,Planta Baja,A,2020-03-29 13:09:06,,2020-03-29 13:09:06,4381,2.16.840.1.113883.2.10.27,1
4422,Planta Baja,A,2020-03-29 13:10:42,,2020-03-29 13:10:42,4382,2.16.840.1.113883.2.10.27,1
4423,Tercer Piso,A,2020-03-29 13:11:27,,2020-03-29 13:11:27,4382,2.16.840.1.113883.2.10.27,1
4424,Segundo Piso,A,2020-03-29 13:11:57,,2020-03-29 13:11:57,4382,2.16.840.1.113883.2.10.27,1
4425,Primer Piso,A,2020-03-29 13:12:18,,2020-03-29 13:12:18,4382,2.16.840.1.113883.2.10.27,1
4426,Primer Piso,A,2020-03-29 13:12:42,,2020-03-29 13:12:42,4383,2.16.840.1.113883.2.10.27,1
4427,Primer Piso,A,2020-03-29 13:13:14,,2020-03-29 13:13:14,4384,2.16.840.1.113883.2.10.27,1
4430,Segundo Piso,A,2020-03-29 13:15:30,,2020-03-29 13:15:30,4384,2.16.840.1.113883.2.10.27,1
40,.,A,2021-01-22 16:58:27,,2021-01-22 16:58:27,33,2.16.840.1.113883.2.10.27,136
142,.,A,2021-07-15 14:49:50,,2021-07-15 14:49:50,69,2.16.840.1.113883.2.10.27,76
38,.,A,2021-01-22 16:58:27,,2021-01-22 16:58:27,1794,2.16.840.1.113883.2.10.27,136
51,.,A,2017-10-11 17:27:58,,2017-10-11 17:27:58,7,2.16.840.1.113883.2.10.27,1
52,.,A,2017-10-11 17:27:58,,2017-10-11 17:27:58,441,2.16.840.1.113883.2.10.27,1
4551,PB,A,2021-05-13 08:23:06,,2021-05-13 08:23:01,4513,2.16.840.1.113883.2.10.27,1
4552,Piso 1,A,2021-05-13 08:23:06,,2021-05-13 08:23:01,4513,2.16.840.1.113883.2.10.27,1
4553,Piso 2,A,2021-05-13 08:23:06,,2021-05-13 08:23:01,4513,2.16.840.1.113883.2.10.27,1
4554,1er Subsuelo,A,2021-05-13 08:23:06,,2021-05-13 08:23:01,4513,2.16.840.1.113883.2.10.27,1
4555,2do Entrepiso,A,2021-05-13 08:23:06,,2021-05-13 08:23:01,4513,2.16.840.1.113883.2.10.27,1
4556,1er Entrepiso,A,2021-05-13 08:23:06,,2021-05-13 08:23:01,4513,2.16.840.1.113883.2.10.27,1
39,.,A,2021-01-22 16:58:27,,2021-01-22 16:58:27,6,2.16.840.1.113883.2.10.27,136
4660,.,A,2021-05-13 08:23:06,,2021-05-13 08:23:01,4514,2.16.840.1.113883.2.10.27,1
182,Planta baja,A,2021-08-13 11:11:06,,2021-08-13 11:11:06,109,2.16.840.1.113883.2.10.27,11
183,SEGUNDO PISO,A,2021-08-13 11:12:55,,2021-08-13 11:12:55,110,2.16.840.1.113883.2.10.27,11
262,PRUEBA,A,2023-09-25 15:02:33,,2023-09-25 15:03:35,1302,2.16.840.1.113883.2.10.27,356
162,.,A,2021-08-03 15:30:00,,2021-08-03 15:30:00,89,2.16.840.1.113883.2.10.27,76
122,PLANTA BAJA,A,2021-06-10 11:24:43,,2021-06-10 11:24:43,49,2.16.840.1.113883.2.10.27,136
123,PRIMER PISO,A,2021-06-10 11:24:52,,2021-06-10 11:24:52,49,2.16.840.1.113883.2.10.27,136
124,SEGUNDO PISO,A,2021-06-10 11:25:00,,2021-06-10 11:25:00,49,2.16.840.1.113883.2.10.27,136
125,PLANTA BAJA,A,2021-06-10 11:25:28,,2021-06-10 11:25:28,50,2.16.840.1.113883.2.10.27,136
126,PLANTA BAJA,A,2021-06-10 11:26:04,,2021-06-10 11:26:04,51,2.16.840.1.113883.2.10.27,136
127,PRIMER PISO,A,2021-06-10 11:26:12,,2021-06-10 11:26:12,51,2.16.840.1.113883.2.10.27,136
128,PLANTA BAJA,A,2021-06-10 11:26:22,,2021-06-10 11:26:22,52,2.16.840.1.113883.2.10.27,136
222,Consultorio 1,A,2022-02-09 13:49:41,,2022-02-09 13:49:41,149,2.16.840.1.113883.2.10.27,316
223,Consultorio 2,A,2022-02-09 13:49:59,,2022-02-09 13:49:59,149,2.16.840.1.113883.2.10.27,316
224,Consultorio 3,A,2022-02-09 13:50:23,,2022-02-09 13:50:23,149,2.16.840.1.113883.2.10.27,316
202,.,A,2021-10-13 15:14:31,,2021-10-13 15:14:31,129,2.16.840.1.113883.2.10.27,76
242,Planta baja,A,2022-09-27 14:20:48,,2022-09-27 14:20:48,169,2.16.840.1.113883.2.10.27,11
282,SUBSUELO,A,2025-01-06 12:08:45,,2025-01-06 12:08:45,105,2.16.840.1.113883.2.10.27,11
322,PRIMER PISO,A,2025-01-10 10:56:36,,2025-01-10 10:58:47,229,2.16.840.1.113883.2.10.27,11
323,PLANTA BAJA,A,2025-01-10 10:58:36,,2025-01-10 10:58:36,229,2.16.840.1.113883.2.10.27,11
